id,teacherId,sessNum,action,elapsedTime,activityName,time,classId
1,840,NULL,login,0,,"2020-04-04 00:12:56",NULL
2,840,NULL,perTeacherReport,0,840,"2020-04-04 00:13:14",NULL
3,840,NULL,logout,0,,"2020-04-04 00:13:41",NULL
4,840,NULL,login,0,,"2020-04-05 22:12:12",NULL
5,840,NULL,login,0,,"2020-04-05 22:17:11",NULL
6,783,NULL,login,0,,"2020-04-06 15:06:41",NULL
7,783,NULL,login,0,,"2020-04-06 15:10:58",NULL
8,783,NULL,logout,0,,"2020-04-06 15:11:02",NULL
9,783,NULL,login,0,,"2020-04-06 15:11:10",NULL
10,783,NULL,logout,0,,"2020-04-06 15:11:13",NULL
11,39,NULL,login,0,,"2020-04-06 18:04:37",NULL
12,39,NULL,login,0,,"2020-04-07 16:39:51",NULL
13,39,NULL,login,0,,"2020-04-07 16:42:06",NULL
14,39,NULL,login,0,,"2020-04-08 17:47:08",NULL
15,39,NULL,perStudentPerProblemSetReport,0,1608,"2020-04-08 18:01:27",NULL
16,39,NULL,MasterProjectionsForCurrentTopic,0,2,"2020-04-08 18:01:32",NULL
17,39,NULL,logout,0,,"2020-04-08 18:01:53",NULL
18,783,NULL,login,0,,"2020-04-08 18:01:58",NULL
19,783,NULL,perStudentPerProblemSetReport,0,1587,"2020-04-08 18:02:04",NULL
20,783,NULL,MasterProjectionsForCurrentTopic,0,54,"2020-04-08 18:02:20",NULL
21,783,NULL,MasterProjectionsForCurrentTopic,0,54,"2020-04-08 18:02:27",NULL
22,783,NULL,MasterProjectionsForCurrentTopic,0,54,"2020-04-08 18:02:32",NULL
23,783,NULL,MasterProjectionsForCurrentTopic,0,20,"2020-04-08 18:02:39",NULL
24,783,NULL,MasterProjectionsForCurrentTopic,0,1,"2020-04-08 18:02:49",NULL
25,783,NULL,MasterProjectionsForCurrentTopic,0,20,"2020-04-08 18:03:07",NULL
26,783,NULL,logout,0,,"2020-04-08 18:04:43",NULL
27,39,NULL,login,0,,"2020-04-09 19:15:27",NULL
28,39,NULL,perTeacherReport,0,39,"2020-04-09 19:15:59",NULL
29,39,NULL,downLoadPerStudentReport,0,75,"2020-04-09 19:16:04",NULL
30,39,NULL,login,0,,"2020-04-09 19:16:29",NULL
31,39,NULL,printStudentTags,0,,"2020-04-09 19:19:12",NULL
32,39,NULL,perStudentPerProblemReport,0,1609,"2020-04-09 19:20:22",NULL
33,39,NULL,perStudentPerProblemReport,0,1608,"2020-04-09 19:20:41",NULL
34,39,NULL,"",0,1608,"2020-04-09 19:21:16",NULL
35,39,NULL,logout,0,,"2020-04-09 19:21:36",NULL
36,783,NULL,login,0,,"2020-04-09 19:49:06",NULL
37,783,NULL,logout,0,,"2020-04-09 19:49:11",NULL
38,783,NULL,login,0,,"2020-04-09 19:49:19",NULL
39,783,NULL,login,0,,"2020-04-09 19:49:35",NULL
40,783,NULL,logout,0,,"2020-04-09 19:49:39",NULL
41,39,NULL,login,0,,"2020-04-09 19:49:57",NULL
42,39,NULL,logout,0,,"2020-04-09 19:50:01",NULL
43,39,NULL,login,0,,"2020-04-09 19:54:22",NULL
44,39,NULL,perStudentPerProblemSetReport,0,1608,"2020-04-09 19:54:31",NULL
45,39,NULL,MasterProjectionsForCurrentTopic,0,2,"2020-04-09 19:54:35",NULL
46,39,NULL,MasterProjectionsForCurrentTopic,0,17,"2020-04-09 19:54:56",NULL
47,39,NULL,MasterProjectionsForCurrentTopic,0,10,"2020-04-09 19:55:08",NULL
48,39,NULL,MasterProjectionsForCurrentTopic,0,22,"2020-04-09 19:55:21",NULL
49,39,NULL,MasterProjectionsForCurrentTopic,0,24,"2020-04-09 19:55:34",NULL
50,39,NULL,login,0,,"2020-04-09 22:26:05",NULL
51,39,NULL,perStudentReport,0,1609,"2020-04-09 22:27:34",NULL
52,39,NULL,perStudentReport,0,1608,"2020-04-09 22:27:43",NULL
53,39,NULL,login,0,,"2020-04-10 14:14:41",NULL
54,39,NULL,login,0,,"2020-04-10 19:33:45",NULL
55,902,NULL,login,0,,"2020-04-13 06:52:21",NULL
56,902,NULL,perStudentReport,0,1610,"2020-04-13 06:57:13",NULL
57,902,NULL,printStudentTags,0,,"2020-04-13 07:06:29",NULL
58,902,NULL,logout,0,,"2020-04-13 07:07:46",NULL
59,902,NULL,login,0,,"2020-04-13 17:18:58",NULL
60,783,NULL,login,0,,"2020-04-14 10:17:26",NULL
61,783,NULL,login,0,,"2020-04-14 19:43:42",NULL
62,39,NULL,perStudentReport,0,1608,"2020-04-15 01:55:46",NULL
63,39,NULL,perStudentPerProblemSetReport,0,1608,"2020-04-15 02:03:17",NULL
64,39,NULL,perStudentReport,0,1608,"2020-04-15 03:30:36",NULL
65,39,NULL,login,0,,"2020-04-15 18:25:21",NULL
66,39,NULL,perTeacherReport,0,39,"2020-04-15 18:25:28",NULL
67,39,NULL,login,0,,"2020-04-15 18:26:03",NULL
68,39,NULL,perTeacherReport,0,902,"2020-04-15 18:26:15",NULL
69,39,NULL,downLoadPerStudentReport,0,75,"2020-04-15 18:46:23",NULL
70,39,NULL,login,0,,"2020-04-16 19:26:28",NULL
71,903,NULL,login,0,,"2020-04-17 13:25:33",NULL
72,840,NULL,login,0,,"2020-04-17 14:05:07",NULL
73,783,NULL,login,0,,"2020-04-18 14:16:44",NULL
74,783,NULL,login,0,,"2020-04-21 18:18:31",NULL
75,783,NULL,login,0,,"2020-04-22 12:43:14",NULL
76,783,NULL,perStudentReport,0,1587,"2020-04-22 15:29:05",NULL
77,781,NULL,login,0,,"2020-04-22 20:59:04",NULL
78,781,NULL,perStudentReport,0,1383,"2020-04-22 20:59:11",NULL
79,781,NULL,perStudentReport,0,1450,"2020-04-22 20:59:28",NULL
80,781,NULL,perStudentReport,0,1449,"2020-04-22 21:04:19",NULL
81,781,NULL,perStudentReport,0,1587,"2020-04-22 21:07:41",NULL
82,781,NULL,logout,0,,"2020-04-22 21:07:46",NULL
83,39,NULL,login,0,,"2020-04-22 21:07:53",NULL
84,39,NULL,perStudentReport,0,1608,"2020-04-22 21:08:02",NULL
85,39,NULL,login,0,,"2020-04-23 17:20:43",NULL
86,39,NULL,login,0,,"2020-04-23 17:21:35",NULL
87,39,NULL,commonCoreClusterReport,0,1608,"2020-04-23 17:21:43",NULL
88,39,NULL,ProblemsInCluster,0,38,"2020-04-23 17:21:49",NULL
89,39,NULL,commonCoreClusterReport,0,1608,"2020-04-23 17:22:52",NULL
90,39,NULL,ProblemsInCluster,0,19,"2020-04-23 17:22:57",NULL
91,39,NULL,ProblemsInCluster,0,38,"2020-04-23 17:23:06",NULL
92,39,NULL,commonCoreClusterReport,0,1608,"2020-04-23 17:28:02",NULL
93,39,NULL,ProblemsInCluster,0,38,"2020-04-23 17:28:12",NULL
94,39,NULL,commonCoreClusterReport,0,1608,"2020-04-23 17:57:29",NULL
95,39,NULL,ProblemsInCluster,0,38,"2020-04-23 17:57:36",NULL
96,39,NULL,commonCoreClusterReport,0,1608,"2020-04-23 18:43:32",NULL
97,39,NULL,ProblemsInCluster,0,38,"2020-04-23 18:43:43",NULL
98,39,NULL,perStudentPerProblemReport,0,1608,"2020-04-23 18:44:48",NULL
99,39,NULL,perStudentReport,0,1608,"2020-04-23 19:11:14",NULL
100,39,NULL,commonCoreClusterReport,0,1608,"2020-04-23 19:11:49",NULL
101,39,NULL,ProblemsInCluster,0,38,"2020-04-23 19:12:19",NULL
102,39,NULL,perStudentReport,0,1608,"2020-04-23 19:16:23",NULL
103,783,NULL,login,0,,"2020-04-23 21:09:44",NULL
104,840,NULL,login,0,,"2020-04-23 21:16:39",NULL
105,840,NULL,login,0,,"2020-04-23 21:16:45",NULL
106,783,NULL,perStudentReport,0,1591,"2020-04-23 21:34:29",NULL
107,783,NULL,commonCoreClusterReport,0,1591,"2020-04-23 21:34:38",NULL
108,783,NULL,perStudentPerProblemSetReport,0,1591,"2020-04-23 21:34:52",NULL
109,783,NULL,perStudentPerProblemSetReport,0,1587,"2020-04-23 21:35:44",NULL
110,783,NULL,summarySurveyReport,0,1587,"2020-04-23 21:36:19",NULL
111,783,NULL,perStudentReport,0,1587,"2020-04-23 21:36:23",NULL
112,783,NULL,perStudentReport,0,1587,"2020-04-23 21:36:32",NULL
113,840,NULL,logout,0,,"2020-04-23 21:36:55",NULL
114,783,NULL,login,0,,"2020-04-24 17:37:03",NULL
115,783,NULL,commonCoreClusterReport,0,1592,"2020-04-24 17:37:09",NULL
116,783,NULL,perStudentReport,0,1592,"2020-04-24 17:37:14",NULL
117,783,NULL,perStudentPerProblemSetReport,0,1592,"2020-04-24 17:37:54",NULL
118,783,NULL,MasterProjectionsForCurrentTopic,0,54,"2020-04-24 17:37:57",NULL
119,783,NULL,perStudentReport,0,1592,"2020-04-24 17:39:11",NULL
120,783,NULL,perStudentPerProblemReport,0,1592,"2020-04-24 17:40:09",NULL
121,783,NULL,perStudentReport,0,1592,"2020-04-24 17:47:42",NULL
122,783,NULL,summarySurveyReport,0,1592,"2020-04-24 17:48:15",NULL
123,783,NULL,perStudentPerProblemReport,0,1592,"2020-04-24 17:48:23",NULL
124,783,NULL,perStudentPerProblemReport,0,1592,"2020-04-24 17:48:29",NULL
125,783,NULL,perStudentPerProblemReport,0,1592,"2020-04-24 17:48:34",NULL
126,783,NULL,perStudentPerProblemReport,0,1592,"2020-04-24 17:48:39",NULL
127,783,NULL,perStudentPerProblemReport,0,1592,"2020-04-24 17:49:12",NULL
128,783,NULL,perStudentPerProblemReport,0,1592,"2020-04-24 17:49:29",NULL
129,783,NULL,perStudentPerProblemReport,0,1592,"2020-04-24 17:49:50",NULL
130,783,NULL,perStudentPerProblemReport,0,1592,"2020-04-24 17:50:25",NULL
131,783,NULL,login,0,,"2020-04-24 19:33:22",NULL
132,783,NULL,perStudentReport,0,1588,"2020-04-24 19:33:41",NULL
133,39,NULL,login,0,,"2020-04-27 15:44:11",NULL
134,859,NULL,login,0,,"2020-04-28 00:27:54",NULL
135,859,NULL,login,0,,"2020-04-28 00:28:00",NULL
136,39,NULL,login,0,,"2020-04-28 15:46:03",NULL
137,39,NULL,login,0,,"2020-04-28 16:31:08",NULL
138,783,NULL,login,0,,"2020-04-28 19:29:15",NULL
139,783,NULL,perStudentPerProblemSetReport,0,1587,"2020-04-28 19:29:28",NULL
140,783,NULL,login,0,,"2020-04-28 19:42:14",NULL
141,783,NULL,perStudentPerProblemReport,0,1587,"2020-04-28 19:42:58",NULL
142,783,NULL,commonCoreClusterReport,0,1587,"2020-04-28 19:43:06",NULL
143,783,NULL,perStudentPerProblemSetReport,0,1587,"2020-04-28 19:43:22",NULL
144,783,NULL,perStudentPerProblemSetReport,0,1587,"2020-04-28 19:43:33",NULL
145,783,NULL,perStudentPerProblemSetReport,0,1587,"2020-04-28 19:43:37",NULL
146,783,NULL,commonCoreClusterReport,0,1588,"2020-04-28 19:45:35",NULL
147,783,NULL,perStudentPerProblemSetReport,0,1588,"2020-04-28 19:45:45",NULL
148,783,NULL,perStudentPerProblemReport,0,1587,"2020-04-28 19:46:00",NULL
149,783,NULL,perStudentPerProblemReport,0,1588,"2020-04-28 19:46:17",NULL
150,783,NULL,perStudentPerProblemReport,0,1588,"2020-04-28 19:46:25",NULL
151,783,NULL,perStudentReport,0,1587,"2020-04-28 19:46:39",NULL
152,783,NULL,perStudentReport,0,1587,"2020-04-28 19:49:46",NULL
153,783,NULL,perStudentPerProblemSetReport,0,1587,"2020-04-28 19:50:37",NULL
154,783,NULL,perStudentReport,0,1587,"2020-04-28 19:51:29",NULL
155,783,NULL,perStudentPerProblemReport,0,1587,"2020-04-28 19:55:57",NULL
156,39,NULL,login,0,,"2020-04-28 20:52:40",NULL
157,39,NULL,perStudentReport,0,1608,"2020-04-28 20:52:53",NULL
158,39,NULL,login,0,,"2020-04-29 18:20:47",NULL
159,39,NULL,commonCoreClusterReport,0,1608,"2020-04-29 18:24:12",NULL
160,39,NULL,perStudentReport,0,1608,"2020-04-29 18:24:24",NULL
161,39,NULL,perStudentPerProblemReport,0,1608,"2020-04-29 18:25:13",NULL
162,39,NULL,perTeacherReport,0,783,"2020-04-29 18:25:52",NULL
163,738,NULL,login,0,,"2020-04-29 19:33:48",NULL
164,738,NULL,perStudentReport,0,1580,"2020-04-29 21:09:51",NULL
165,859,NULL,login,0,,"2020-04-30 18:24:51",NULL
166,859,NULL,login,0,,"2020-04-30 18:25:15",NULL
167,859,NULL,perStudentReport,0,1593,"2020-04-30 18:25:28",NULL
168,859,NULL,logout,0,,"2020-04-30 18:25:31",NULL
169,738,NULL,login,0,,"2020-04-30 18:25:36",NULL
170,738,NULL,perStudentReport,0,1586,"2020-04-30 18:25:48",NULL
171,738,NULL,commonCoreClusterReport,0,1586,"2020-04-30 18:25:51",NULL
172,738,NULL,perStudentReport,0,1586,"2020-04-30 18:25:53",NULL
173,738,NULL,perStudentReport,0,1580,"2020-04-30 18:26:20",NULL
174,738,NULL,commonCoreClusterReport,0,1580,"2020-04-30 18:26:25",NULL
175,738,NULL,perStudentPerProblemSetReport,0,1580,"2020-04-30 18:26:30",NULL
176,738,NULL,commonCoreClusterReport,0,1580,"2020-04-30 18:28:52",NULL
177,738,NULL,perStudentReport,0,1580,"2020-04-30 18:28:53",NULL
178,738,NULL,commonCoreClusterReport,0,1580,"2020-04-30 18:28:57",NULL
179,738,NULL,perStudentReport,0,1580,"2020-04-30 18:29:23",NULL
180,738,NULL,downLoadPerStudentReport,0,1580,"2020-04-30 18:30:22",NULL
181,738,NULL,commonCoreClusterReport,0,1580,"2020-04-30 18:50:54",NULL
182,738,NULL,perStudentPerProblemReport,0,1580,"2020-04-30 18:51:20",NULL
183,738,NULL,commonCoreClusterReport,0,1580,"2020-04-30 18:51:54",NULL
184,738,NULL,perStudentReport,0,1580,"2020-04-30 18:59:48",NULL
185,783,NULL,login,0,,"2020-04-30 19:27:18",NULL
186,738,NULL,commonCoreClusterReport,0,1580,"2020-04-30 19:27:48",NULL
187,738,NULL,commonCoreClusterReport,0,1580,"2020-04-30 19:28:07",NULL
188,738,NULL,ProblemsInCluster,0,36,"2020-04-30 19:28:12",NULL
189,738,NULL,ProblemsInCluster,0,45,"2020-04-30 19:28:30",NULL
190,738,NULL,ProblemsInCluster,0,52,"2020-04-30 19:28:40",NULL
191,738,NULL,ProblemsInCluster,0,51,"2020-04-30 19:34:33",NULL
192,738,NULL,perStudentPerProblemSetReport,0,1580,"2020-04-30 19:34:40",NULL
193,738,NULL,MasterProjectionsForCurrentTopic,0,12,"2020-04-30 19:34:45",NULL
194,738,NULL,MasterProjectionsForCurrentTopic,0,16,"2020-04-30 19:34:54",NULL
195,738,NULL,summarySurveyReport,0,1580,"2020-04-30 19:35:07",NULL
196,738,NULL,perStudentPerProblemSetReport,0,1580,"2020-04-30 20:38:29",NULL
197,738,NULL,perStudentReport,0,1580,"2020-04-30 20:38:30",NULL
198,738,NULL,perStudentPerProblemSetReport,0,1580,"2020-04-30 20:39:27",NULL
199,738,NULL,summarySurveyReport,0,1580,"2020-04-30 20:40:01",NULL
200,738,NULL,perStudentReport,0,1580,"2020-04-30 20:44:53",NULL
201,738,NULL,commonCoreClusterReport,0,1580,"2020-04-30 20:50:15",NULL
202,738,NULL,perStudentPerProblemReport,0,1580,"2020-04-30 20:54:46",NULL
203,738,NULL,commonCoreClusterReport,0,1580,"2020-04-30 20:54:54",NULL
204,738,NULL,perStudentReport,0,1580,"2020-04-30 20:54:55",NULL
205,738,NULL,summarySurveyReport,0,1580,"2020-04-30 21:08:26",NULL
206,738,NULL,commonCoreClusterReport,0,1580,"2020-04-30 21:08:28",NULL
207,738,NULL,perStudentPerProblemSetReport,0,1580,"2020-04-30 21:08:35",NULL
208,738,NULL,MasterProjectionsForCurrentTopic,0,16,"2020-04-30 21:08:37",NULL
209,738,NULL,MasterProjectionsForCurrentTopic,0,17,"2020-04-30 21:08:44",NULL
210,738,NULL,MasterProjectionsForCurrentTopic,0,12,"2020-04-30 21:09:28",NULL
211,738,NULL,logout,0,,"2020-05-01 00:25:05",NULL
212,39,NULL,login,0,,"2020-05-01 00:25:14",NULL
213,39,NULL,login,0,,"2020-05-01 18:51:42",NULL
214,39,NULL,perStudentPerProblemSetReport,0,1608,"2020-05-01 18:51:52",NULL
215,840,NULL,login,0,,"2020-05-01 18:52:28",NULL
216,840,NULL,perStudentReport,0,1531,"2020-05-01 18:52:48",NULL
217,39,NULL,perStudentPerProblemSetReport,0,1608,"2020-05-01 18:53:14",NULL
218,840,NULL,perStudentPerProblemSetReport,0,1531,"2020-05-01 18:53:20",NULL
219,840,NULL,perStudentReport,0,1531,"2020-05-01 18:54:25",NULL
220,840,NULL,commonCoreClusterReport,0,1531,"2020-05-01 23:08:26",NULL
221,840,NULL,perStudentPerProblemSetReport,0,1531,"2020-05-01 23:08:30",NULL
222,39,NULL,perStudentReport,0,1608,"2020-05-06 00:31:15",NULL
223,39,NULL,login,0,,"2020-05-06 14:31:03",NULL
224,39,NULL,login,0,,"2020-05-06 14:52:34",NULL
225,39,NULL,perStudentPerProblemSetReport,0,1608,"2020-05-06 14:52:49",NULL
226,39,NULL,login,0,,"2020-05-06 15:37:53",NULL
227,39,NULL,perStudentReport,0,1608,"2020-05-06 15:38:05",NULL
228,39,NULL,commonCoreClusterReport,0,1608,"2020-05-06 15:39:38",NULL
229,39,NULL,ProblemsInCluster,0,19,"2020-05-06 15:39:42",NULL
230,39,NULL,ProblemsInCluster,0,103,"2020-05-06 15:39:55",NULL
231,39,NULL,perStudentPerProblemSetReport,0,1608,"2020-05-06 15:40:44",NULL
232,39,NULL,MasterProjectionsForCurrentTopic,0,2,"2020-05-06 15:40:54",NULL
233,39,NULL,MasterProjectionsForCurrentTopic,0,10,"2020-05-06 15:41:01",NULL
234,39,NULL,MasterProjectionsForCurrentTopic,0,54,"2020-05-06 15:41:41",NULL
235,39,NULL,logout,0,,"2020-05-06 15:42:48",NULL
236,39,NULL,login,0,,"2020-05-06 22:12:13",NULL
237,39,NULL,perStudentReport,0,1608,"2020-05-06 22:12:20",NULL
238,783,NULL,login,0,,"2020-05-06 22:13:52",NULL
239,783,NULL,perStudentReport,0,1592,"2020-05-06 22:13:58",NULL
240,783,NULL,perStudentReport,0,1587,"2020-05-06 22:14:07",NULL
241,783,NULL,perStudentReport,0,1592,"2020-05-06 22:14:17",NULL
242,783,NULL,perStudentReport,0,1591,"2020-05-06 22:14:31",NULL
243,39,NULL,login,0,,"2020-05-07 14:50:57",NULL
244,39,NULL,commonCoreClusterReport,0,1608,"2020-05-07 14:51:43",NULL
245,39,NULL,ProblemsInCluster,0,103,"2020-05-07 14:51:52",NULL
246,39,NULL,perStudentReport,0,1608,"2020-05-07 14:52:42",NULL
247,39,NULL,perStudentPerProblemSetReport,0,1608,"2020-05-07 14:54:11",NULL
248,39,NULL,MasterProjectionsForCurrentTopic,0,2,"2020-05-07 14:54:17",NULL
249,39,NULL,MasterProjectionsForCurrentTopic,0,10,"2020-05-07 14:54:22",NULL
250,39,NULL,perStudentPerProblemReport,0,1608,"2020-05-07 14:55:20",NULL
251,840,NULL,login,0,,"2020-05-07 18:53:20",NULL
252,840,NULL,commonCoreClusterReport,0,1542,"2020-05-07 18:56:10",NULL
253,840,NULL,ProblemsInCluster,0,13,"2020-05-07 18:56:12",NULL
254,783,NULL,login,0,,"2020-05-07 19:19:03",NULL
255,783,NULL,perStudentReport,0,1587,"2020-05-07 19:20:08",NULL
256,783,NULL,downLoadPerStudentReport,0,1587,"2020-05-07 19:21:03",NULL
257,783,NULL,perStudentPerProblemSetReport,0,1587,"2020-05-07 19:25:48",NULL
258,783,NULL,perStudentPerProblemReport,0,1587,"2020-05-07 19:26:17",NULL
259,39,NULL,login,0,,"2020-05-07 20:19:14",NULL
260,39,NULL,perStudentPerProblemSetReport,0,1608,"2020-05-07 20:19:31",NULL
261,39,NULL,MasterProjectionsForCurrentTopic,0,10,"2020-05-07 20:19:34",NULL
262,39,NULL,commonCoreClusterReport,0,1608,"2020-05-07 20:19:47",NULL
263,39,NULL,ProblemsInCluster,0,19,"2020-05-07 20:19:51",NULL
264,39,NULL,perStudentReport,0,1608,"2020-05-07 20:20:23",NULL
265,39,NULL,logout,0,,"2020-05-07 20:22:00",NULL
266,39,NULL,login,0,,"2020-05-07 20:23:56",NULL
267,39,NULL,login,0,,"2020-05-08 18:40:24",NULL
268,39,NULL,logout,0,,"2020-05-08 18:53:46",NULL
269,783,NULL,login,0,,"2020-05-08 18:53:54",NULL
270,783,NULL,commonCoreClusterReport,0,1592,"2020-05-08 18:54:43",NULL
271,783,NULL,perStudentPerProblemSetReport,0,1592,"2020-05-08 18:54:49",NULL
272,783,NULL,perStudentReport,0,1592,"2020-05-08 18:54:54",NULL
273,783,NULL,perStudentPerProblemSetReport,0,1592,"2020-05-08 18:55:11",NULL
274,783,NULL,perStudentPerProblemSetReport,0,1592,"2020-05-08 18:56:36",NULL
275,39,NULL,login,0,,"2020-05-08 20:39:13",NULL
276,783,NULL,login,0,,"2020-05-12 19:40:22",NULL
277,783,NULL,perStudentReport,0,1587,"2020-05-12 19:41:59",NULL
278,783,NULL,downLoadPerStudentReport,0,1587,"2020-05-12 19:42:08",NULL
279,783,NULL,perStudentReport,0,1592,"2020-05-12 20:24:30",NULL
280,783,NULL,perStudentReport,0,1587,"2020-05-12 20:32:15",NULL
281,39,NULL,login,0,,"2020-05-13 17:09:58",NULL
282,39,NULL,perStudentReport,0,1608,"2020-05-13 17:10:04",NULL
283,39,NULL,login,0,,"2020-05-13 18:16:23",NULL
284,39,NULL,perStudentReport,0,112,"2020-05-13 18:17:05",NULL
285,39,NULL,perStudentPerProblemSetReport,0,112,"2020-05-13 18:17:22",NULL
286,783,NULL,login,0,,"2020-05-14 19:31:34",NULL
287,783,NULL,perStudentReport,0,1587,"2020-05-14 19:32:33",NULL
288,840,NULL,login,0,,"2020-05-14 20:00:07",NULL
289,856,NULL,login,0,,"2020-05-15 06:16:00",NULL
290,856,NULL,perStudentReport,0,1558,"2020-05-15 06:16:22",NULL
291,39,NULL,login,0,,"2020-05-15 14:29:57",NULL
292,39,NULL,printStudentTags,0,,"2020-05-15 14:31:01",NULL
293,39,NULL,printStudentTags,0,,"2020-05-15 14:33:05",NULL
294,39,NULL,perStudentReport,0,1608,"2020-05-15 14:35:02",NULL
295,840,NULL,login,0,,"2020-05-16 19:09:30",NULL
296,840,NULL,login,0,,"2020-05-16 19:09:37",NULL
297,840,NULL,logout,0,,"2020-05-16 19:09:50",NULL
298,910,NULL,login,0,,"2020-05-18 18:30:31",NULL
299,910,NULL,logout,0,,"2020-05-18 18:33:27",NULL
300,910,NULL,login,0,,"2020-05-18 18:34:57",NULL
301,910,NULL,login,0,,"2020-05-18 18:36:07",NULL
302,910,NULL,perTeacherReport,0,910,"2020-05-18 18:36:46",NULL
303,910,NULL,perTeacherReport,0,910,"2020-05-18 18:37:48",NULL
304,910,NULL,perTeacherReport,0,910,"2020-05-18 18:38:04",NULL
305,910,NULL,perTeacherReport,0,903,"2020-05-18 18:38:35",NULL
306,910,NULL,perTeacherReport,0,781,"2020-05-18 18:38:52",NULL
307,910,NULL,perTeacherReport,0,781,"2020-05-18 18:39:11",NULL
308,910,NULL,perTeacherReport,0,783,"2020-05-18 18:39:56",NULL
309,910,NULL,perTeacherReport,0,783,"2020-05-18 18:40:23",NULL
310,910,NULL,perTeacherReport,0,783,"2020-05-18 18:40:38",NULL
311,910,NULL,perTeacherReport,0,783,"2020-05-18 18:40:52",NULL
312,910,NULL,perTeacherReport,0,783,"2020-05-18 18:41:01",NULL
313,910,NULL,perTeacherReport,0,783,"2020-05-18 18:41:17",NULL
314,910,NULL,perTeacherReport,0,39,"2020-05-18 18:41:50",NULL
315,910,NULL,perTeacherReport,0,39,"2020-05-18 18:42:20",NULL
316,910,NULL,perTeacherReport,0,39,"2020-05-18 18:42:31",NULL
317,910,NULL,perTeacherReport,0,39,"2020-05-18 18:42:46",NULL
318,910,NULL,perTeacherReport,0,781,"2020-05-18 18:43:11",NULL
319,910,NULL,perTeacherReport,0,781,"2020-05-18 18:43:34",NULL
320,910,NULL,perTeacherReport,0,781,"2020-05-18 18:43:42",NULL
321,910,NULL,perTeacherReport,0,781,"2020-05-18 18:43:45",NULL
322,910,NULL,perTeacherReport,0,781,"2020-05-18 18:43:51",NULL
323,910,NULL,perTeacherReport,0,781,"2020-05-18 18:44:14",NULL
324,910,NULL,perTeacherReport,0,738,"2020-05-18 18:44:54",NULL
325,910,NULL,perTeacherReport,0,910,"2020-05-18 18:45:13",NULL
326,910,NULL,perTeacherReport,0,903,"2020-05-18 18:45:51",NULL
327,910,NULL,perTeacherReport,0,903,"2020-05-18 18:46:14",NULL
328,910,NULL,perTeacherReport,0,903,"2020-05-18 18:46:22",NULL
329,910,NULL,perTeacherReport,0,910,"2020-05-18 18:46:38",NULL
330,910,NULL,login,0,,"2020-05-18 18:46:53",NULL
331,910,NULL,login,0,,"2020-05-18 18:51:36",NULL
332,910,NULL,logout,0,,"2020-05-18 18:51:59",NULL
333,910,NULL,login,0,,"2020-05-18 18:52:30",NULL
334,910,NULL,logout,0,,"2020-05-18 18:53:57",NULL
335,910,NULL,login,0,,"2020-05-18 19:17:42",NULL
336,910,NULL,perStudentReport,0,1619,"2020-05-18 19:17:58",NULL
337,910,NULL,commonCoreClusterReport,0,1619,"2020-05-18 19:19:52",NULL
338,910,NULL,ProblemsInCluster,0,38,"2020-05-18 19:20:44",NULL
339,910,NULL,perStudentPerProblemSetReport,0,1619,"2020-05-18 19:21:31",NULL
340,910,NULL,MasterProjectionsForCurrentTopic,0,2,"2020-05-18 19:21:36",NULL
341,910,NULL,MasterProjectionsForCurrentTopic,0,2,"2020-05-18 19:23:00",NULL
342,910,NULL,MasterProjectionsForCurrentTopic,0,3,"2020-05-18 19:23:06",NULL
343,910,NULL,MasterProjectionsForCurrentTopic,0,4,"2020-05-18 19:23:30",NULL
344,910,NULL,perStudentPerProblemReport,0,1619,"2020-05-18 19:23:52",NULL
345,910,NULL,logout,0,,"2020-05-18 19:24:42",NULL
346,910,NULL,login,0,,"2020-05-18 19:45:06",NULL
347,910,NULL,downLoadPerStudentPerProblemReport,0,1619,"2020-05-18 19:45:38",NULL
348,910,NULL,perStudentPerProblemReport,0,1619,"2020-05-18 19:47:03",NULL
349,910,NULL,downLoadPerStudentPerProblemReport,0,1619,"2020-05-18 19:47:22",NULL
350,910,NULL,logout,0,,"2020-05-18 19:50:06",NULL
351,912,NULL,login,0,,"2020-05-19 08:02:19",NULL
352,912,NULL,login,0,,"2020-05-19 08:08:18",NULL
353,912,NULL,login,0,,"2020-05-19 13:25:29",NULL
354,912,NULL,perStudentReport,0,1620,"2020-05-19 13:31:15",NULL
355,912,NULL,commonCoreClusterReport,0,1620,"2020-05-19 13:31:18",NULL
356,912,NULL,perTeacherReport,0,738,"2020-05-19 13:45:33",NULL
357,912,NULL,logout,0,,"2020-05-19 13:46:15",NULL
358,911,NULL,login,0,,"2020-05-19 13:50:28",NULL
359,911,NULL,login,0,,"2020-05-19 13:50:37",NULL
360,911,NULL,logout,0,,"2020-05-19 13:50:42",NULL
361,39,NULL,login,0,,"2020-05-20 20:21:25",NULL
362,39,NULL,logout,0,,"2020-05-20 20:21:34",NULL
363,783,NULL,login,0,,"2020-05-20 20:21:40",NULL
364,783,NULL,logout,0,,"2020-05-20 20:21:44",NULL
365,39,NULL,login,0,,"2020-05-20 20:21:48",NULL
366,783,NULL,login,0,,"2020-05-21 20:17:53",NULL
367,738,NULL,login,0,,"2020-05-22 17:57:01",NULL
368,738,NULL,logout,0,,"2020-05-22 17:57:08",NULL
369,738,NULL,login,0,,"2020-05-22 17:59:10",NULL
370,738,NULL,logout,0,,"2020-05-22 17:59:16",NULL
371,738,NULL,login,0,,"2020-05-26 01:40:59",NULL
372,738,NULL,logout,0,,"2020-05-26 01:41:11",NULL
373,39,NULL,login,0,,"2020-05-26 16:27:49",NULL
374,39,NULL,login,0,,"2020-05-26 16:28:12",NULL
375,840,NULL,login,0,,"2020-05-26 17:30:32",NULL
376,840,NULL,commonCoreClusterReport,0,1531,"2020-05-26 17:31:31",NULL
377,840,NULL,commonCoreClusterReport,0,1531,"2020-05-26 17:33:34",NULL
378,39,NULL,login,0,,"2020-05-26 19:10:54",NULL
379,39,NULL,login,0,,"2020-05-26 19:11:39",NULL
380,39,NULL,login,0,,"2020-05-26 19:47:36",NULL
381,39,NULL,login,0,,"2020-05-26 19:49:05",NULL
382,39,NULL,login,0,,"2020-05-26 19:56:39",NULL
383,39,NULL,login,0,,"2020-05-26 20:11:41",NULL
384,39,NULL,login,0,,"2020-05-26 20:20:04",NULL
385,913,NULL,login,0,,"2020-05-29 14:37:11",NULL
386,39,NULL,login,0,,"2020-05-29 21:10:49",NULL
387,39,NULL,login,0,,"2020-06-01 19:03:41",NULL
388,39,NULL,login,0,,"2020-06-01 19:22:56",NULL
389,840,NULL,login,0,,"2020-06-01 21:42:23",NULL
390,840,NULL,logout,0,,"2020-06-01 21:42:33",NULL
391,39,NULL,login,0,,"2020-06-03 19:57:06",NULL
392,39,NULL,perStudentReport,0,1608,"2020-06-03 19:57:48",NULL
393,39,NULL,commonCoreClusterReport,0,1608,"2020-06-03 19:58:20",NULL
394,39,NULL,ProblemsInCluster,0,38,"2020-06-03 19:58:32",NULL
395,39,NULL,ProblemsInCluster,0,38,"2020-06-03 19:58:34",NULL
396,39,NULL,perStudentPerProblemSetReport,0,1608,"2020-06-03 20:00:03",NULL
397,39,NULL,MasterProjectionsForCurrentTopic,0,2,"2020-06-03 20:00:07",NULL
398,39,NULL,MasterProjectionsForCurrentTopic,0,10,"2020-06-03 20:00:11",NULL
399,39,NULL,perStudentPerProblemReport,0,1608,"2020-06-03 20:00:50",NULL
400,39,NULL,perStudentPerProblemReport,0,1608,"2020-06-03 20:01:08",NULL
401,39,NULL,perStudentPerProblemReport,0,1608,"2020-06-03 20:01:26",NULL
402,39,NULL,commonCoreClusterReport,0,1608,"2020-06-03 20:01:57",NULL
403,39,NULL,logout,0,,"2020-06-03 20:02:30",NULL
404,783,NULL,login,0,,"2020-06-03 20:02:35",NULL
405,783,NULL,commonCoreClusterReport,0,1592,"2020-06-03 20:02:46",NULL
406,783,NULL,commonCoreClusterReport,0,1587,"2020-06-03 20:03:10",NULL
407,783,NULL,logout,0,,"2020-06-03 20:04:08",NULL
408,39,NULL,login,0,,"2020-06-05 19:37:57",NULL
409,39,NULL,perTeacherReport,0,840,"2020-06-05 19:38:07",NULL
410,910,NULL,login,0,,"2020-06-06 18:47:35",NULL
411,910,NULL,logout,0,,"2020-06-06 18:47:47",NULL
412,910,NULL,login,0,,"2020-06-08 11:09:25",NULL
413,910,NULL,login,0,,"2020-06-08 11:09:47",NULL
414,910,NULL,logout,0,,"2020-06-08 11:18:18",NULL
415,910,NULL,login,0,,"2020-06-08 11:20:41",NULL
416,910,NULL,perTeacherReport,0,738,"2020-06-08 11:20:49",NULL
417,910,NULL,login,0,,"2020-06-08 11:21:29",NULL
418,910,NULL,logout,0,,"2020-06-08 11:21:42",NULL
419,39,NULL,login,0,,"2020-06-08 23:12:02",NULL
420,39,NULL,perStudentReport,0,1608,"2020-06-08 23:17:04",NULL
421,860,NULL,login,0,,"2020-06-10 15:28:08",NULL
422,39,NULL,login,0,,"2020-06-10 18:53:22",NULL
423,39,NULL,perTeacherReport,0,840,"2020-06-10 18:53:51",NULL
424,39,NULL,login,0,,"2020-06-10 19:17:29",NULL
425,39,NULL,perTeacherReport,0,738,"2020-06-10 19:19:53",NULL
426,39,NULL,perTeacherReport,0,738,"2020-06-10 19:20:04",NULL
427,39,NULL,login,0,,"2020-06-11 10:24:55",NULL
428,738,NULL,login,0,,"2020-06-11 17:01:30",NULL
429,738,NULL,perStudentReport,0,1586,"2020-06-11 17:01:40",NULL
430,738,NULL,perStudentReport,0,1580,"2020-06-11 17:01:52",NULL
431,738,NULL,commonCoreClusterReport,0,1580,"2020-06-11 17:17:45",NULL
432,738,NULL,perStudentPerProblemSetReport,0,1580,"2020-06-11 17:21:31",NULL
433,738,NULL,summarySurveyReport,0,1580,"2020-06-11 17:21:48",NULL
434,738,NULL,downLoadPerSummSurReport,0,,"2020-06-11 17:22:01",NULL
435,738,NULL,perStudentPerProblemReport,0,1580,"2020-06-11 17:23:36",NULL
436,738,NULL,perStudentReport,0,1580,"2020-06-11 17:23:51",NULL
437,738,NULL,summarySurveyReport,0,1580,"2020-06-11 17:27:41",NULL
438,738,NULL,perStudentReport,0,1580,"2020-06-11 17:28:19",NULL
439,738,NULL,commonCoreClusterReport,0,1580,"2020-06-11 18:18:57",NULL
440,738,NULL,perStudentReport,0,1580,"2020-06-11 18:19:06",NULL
441,738,NULL,summarySurveyReport,0,1580,"2020-06-11 18:26:01",NULL
442,738,NULL,perStudentReport,0,1580,"2020-06-11 18:26:58",NULL
443,738,NULL,perStudentPerProblemReport,0,1580,"2020-06-11 18:31:23",NULL
444,738,NULL,perStudentPerProblemSetReport,0,1580,"2020-06-11 18:32:28",NULL
445,738,NULL,commonCoreClusterReport,0,1580,"2020-06-11 18:32:49",NULL
446,738,NULL,commonCoreClusterReport,0,1580,"2020-06-11 18:33:18",NULL
447,738,NULL,ProblemsInCluster,0,117,"2020-06-11 18:33:35",NULL
448,738,NULL,downLoadPerProblemReport,0,1580,"2020-06-11 18:35:01",NULL
449,738,NULL,downLoadPerClusterReport,0,1580,"2020-06-11 18:35:46",NULL
450,738,NULL,perStudentReport,0,1580,"2020-06-11 18:39:47",NULL
451,39,NULL,login,0,,"2020-06-13 13:16:34",NULL
452,738,NULL,login,0,,"2020-06-16 02:57:48",NULL
453,738,NULL,perStudentReport,0,1580,"2020-06-16 03:01:56",NULL
454,738,NULL,downLoadPerStudentReport,0,1580,"2020-06-16 03:02:16",NULL
455,738,NULL,downLoadPerStudentReport,0,1580,"2020-06-16 03:03:51",NULL
456,738,NULL,login,0,,"2020-06-16 13:51:21",NULL
457,914,NULL,login,0,,"2020-06-16 15:23:13",NULL
458,910,NULL,login,0,,"2020-06-17 18:16:52",NULL
459,910,NULL,logout,0,,"2020-06-17 18:16:57",NULL
460,915,NULL,login,0,,"2020-06-18 10:12:38",NULL
461,915,NULL,perTeacherReport,0,738,"2020-06-18 10:13:06",NULL
462,915,NULL,login,0,,"2020-06-18 10:15:13",NULL
463,915,NULL,login,0,,"2020-06-18 10:16:00",NULL
464,892,NULL,login,0,,"2020-06-18 14:03:04",NULL
465,39,NULL,login,0,,"2020-06-18 14:04:40",NULL
466,39,NULL,login,0,,"2020-06-18 14:04:47",NULL
467,39,NULL,perStudentReport,0,1608,"2020-06-18 14:04:55",NULL
468,39,NULL,perStudentReport,0,1608,"2020-06-18 14:05:04",NULL
469,39,NULL,perStudentReport,0,1608,"2020-06-18 16:02:35",NULL
470,39,NULL,perStudentReport,0,1608,"2020-06-18 16:32:02",NULL
471,39,NULL,perStudentReport,0,1608,"2020-06-18 16:36:21",NULL
472,39,NULL,perStudentReport,0,1608,"2020-06-18 16:40:05",NULL
473,39,NULL,commonCoreClusterReport,0,1608,"2020-06-18 18:44:34",NULL
474,39,NULL,login,0,,"2020-06-18 22:30:40",NULL
475,39,NULL,logout,0,,"2020-06-18 22:30:48",NULL
476,39,NULL,login,0,,"2020-06-18 22:30:55",NULL
477,39,NULL,logout,0,,"2020-06-18 22:30:59",NULL
478,39,NULL,login,0,,"2020-06-18 22:31:04",NULL
479,39,NULL,logout,0,,"2020-06-18 22:31:12",NULL
480,39,NULL,login,0,,"2020-06-18 22:33:15",NULL
481,39,NULL,login,0,,"2020-06-18 23:09:58",NULL
482,39,NULL,commonCoreClusterReport,0,1608,"2020-06-19 13:13:35",NULL
483,39,NULL,ProblemsInCluster,0,11,"2020-06-19 13:14:41",NULL
484,39,NULL,ProblemsInCluster,0,11,"2020-06-19 13:47:00",NULL
485,39,NULL,perStudentPerProblemSetReport,0,1608,"2020-06-19 14:00:54",NULL
486,39,NULL,MasterProjectionsForCurrentTopic,0,2,"2020-06-19 14:38:53",NULL
487,39,NULL,MasterProjectionsForCurrentTopic,0,2,"2020-06-19 14:39:29",NULL
488,39,NULL,CompleteMasteryProjectionForStudent,0,"1608 44113","2020-06-19 15:02:58",NULL
489,39,NULL,CompleteMasteryProjectionForStudent,0,"1608 44117","2020-06-19 15:03:03",NULL
490,39,NULL,CompleteMasteryProjectionForStudent,0,"1608 44168","2020-06-19 15:03:10",NULL
491,39,NULL,perStudentPerProblemReport,0,1608,"2020-06-19 15:37:59",NULL
492,39,NULL,perStudentPerProblemReport,0,1608,"2020-06-19 17:00:44",NULL
493,39,NULL,downLoadPerStudentPerProblemReport,0,1608,"2020-06-19 17:04:02",NULL
494,39,NULL,perStudentPerProblemReport,0,1608,"2020-06-19 17:30:08",NULL
495,39,NULL,perStudentPerProblemReport,0,1608,"2020-06-19 17:31:21",NULL
496,39,NULL,perStudentPerProblemReport,0,1608,"2020-06-19 17:34:44",NULL
497,39,NULL,perStudentPerProblemReport,0,1608,"2020-06-19 17:35:44",NULL
498,39,NULL,summarySurveyReport,0,1608,"2020-06-19 18:18:26",NULL
499,39,NULL,logout,0,,"2020-06-24 15:36:00",NULL
500,39,NULL,login,0,,"2020-06-25 21:20:15",NULL
501,916,NULL,login,0,,"2020-06-26 17:45:16",NULL
502,916,NULL,logout,0,,"2020-06-26 17:45:51",NULL
503,39,NULL,login,0,,"2020-06-26 17:45:56",NULL
504,39,NULL,perStudentReport,0,1609,"2020-06-26 17:48:30",NULL
505,39,NULL,logout,0,,"2020-06-26 17:48:34",NULL
506,916,NULL,login,0,,"2020-06-26 17:48:48",NULL
507,916,NULL,perStudentReport,0,1608,"2020-06-26 17:48:55",NULL
508,916,NULL,commonCoreClusterReport,0,1608,"2020-06-26 17:50:10",NULL
509,916,NULL,ProblemsInCluster,0,13,"2020-06-26 17:50:36",NULL
510,916,NULL,ProblemsInCluster,0,38,"2020-06-26 17:50:47",NULL
511,916,NULL,ProblemsInCluster,0,33,"2020-06-26 17:50:58",NULL
512,916,NULL,perStudentPerProblemSetReport,0,1608,"2020-06-26 17:51:13",NULL
513,916,NULL,perStudentPerProblemReport,0,1608,"2020-06-26 17:51:44",NULL
514,916,NULL,perStudentPerProblemReport,0,1608,"2020-06-26 17:52:11",NULL
515,916,NULL,login,0,,"2020-06-26 19:03:14",NULL
516,916,NULL,perStudentReport,0,1608,"2020-06-26 19:03:23",NULL
517,39,NULL,login,0,,"2020-06-27 13:15:42",NULL
518,39,NULL,perTeacherReport,0,738,"2020-06-27 13:15:52",NULL
519,917,NULL,login,0,,"2020-06-28 04:29:34",NULL
520,917,NULL,login,0,,"2020-06-28 04:29:47",NULL
521,39,NULL,login,0,,"2020-06-28 22:58:54",NULL
522,39,NULL,logout,0,,"2020-06-28 23:09:20",NULL
523,39,NULL,login,0,,"2020-06-29 02:38:19",NULL
524,39,NULL,perStudentReport,0,1609,"2020-06-29 02:48:14",NULL
525,39,NULL,commonCoreClusterReport,0,1609,"2020-06-29 02:48:32",NULL
526,39,NULL,perStudentPerProblemSetReport,0,1609,"2020-06-29 02:48:38",NULL
527,39,NULL,perStudentPerProblemSetReport,0,1609,"2020-06-29 03:11:47",NULL
528,39,NULL,commonCoreClusterReport,0,1609,"2020-06-29 03:11:54",NULL
529,39,NULL,perStudentReport,0,1609,"2020-06-29 03:12:01",NULL
530,39,NULL,login,0,,"2020-06-29 19:21:18",NULL
531,39,NULL,login,0,,"2020-06-30 02:32:19",NULL
532,918,NULL,login,0,,"2020-06-30 16:32:35",NULL
533,916,NULL,login,0,,"2020-06-30 17:32:13",NULL
534,916,NULL,perStudentReport,0,1608,"2020-06-30 17:32:21",NULL
535,916,NULL,commonCoreClusterReport,0,1608,"2020-06-30 17:32:50",NULL
536,916,NULL,ProblemsInCluster,0,13,"2020-06-30 17:32:55",NULL
537,916,NULL,ProblemsInCluster,0,19,"2020-06-30 17:33:25",NULL
538,916,NULL,ProblemsInCluster,0,38,"2020-06-30 17:33:48",NULL
539,916,NULL,login,0,,"2020-06-30 17:38:44",NULL
540,916,NULL,perStudentPerProblemSetReport,0,1608,"2020-06-30 17:38:51",NULL
541,921,NULL,login,0,,"2020-06-30 17:43:20",NULL
542,916,NULL,logout,0,,"2020-06-30 19:37:13",NULL
543,916,NULL,login,0,,"2020-06-30 19:37:21",NULL
544,916,NULL,logout,0,,"2020-06-30 19:37:25",NULL
545,39,NULL,login,0,,"2020-07-02 19:15:56",NULL
546,922,NULL,login,0,,"2020-07-04 14:53:26",NULL
547,922,NULL,logout,0,,"2020-07-04 14:56:34",NULL
548,923,NULL,login,0,,"2020-07-04 15:17:17",NULL
549,923,NULL,logout,0,,"2020-07-04 15:17:38",NULL
550,923,NULL,login,0,,"2020-07-04 15:24:17",NULL
551,923,NULL,logout,0,,"2020-07-04 15:24:36",NULL
552,857,NULL,login,0,,"2020-07-04 15:33:55",NULL
553,857,NULL,logout,0,,"2020-07-04 15:33:58",NULL
554,923,NULL,login,0,,"2020-07-04 15:38:34",NULL
555,923,NULL,login,0,,"2020-07-04 15:39:02",NULL
556,923,NULL,logout,0,,"2020-07-04 15:39:09",NULL
557,857,NULL,login,0,,"2020-07-04 15:39:32",NULL
558,857,NULL,logout,0,,"2020-07-04 15:39:37",NULL
559,923,NULL,login,0,,"2020-07-04 15:39:51",NULL
560,923,NULL,logout,0,,"2020-07-04 16:08:31",NULL
561,923,NULL,login,0,,"2020-07-04 16:09:06",NULL
562,924,NULL,login,0,,"2020-07-05 09:43:13",NULL
563,924,NULL,login,0,,"2020-07-05 09:43:29",NULL
564,924,NULL,logout,0,,"2020-07-05 09:47:40",NULL
565,918,NULL,login,0,,"2020-07-05 14:16:18",NULL
566,918,NULL,login,0,,"2020-07-05 14:19:26",NULL
567,918,NULL,login,0,,"2020-07-05 14:20:23",NULL
568,919,NULL,login,0,,"2020-07-05 14:20:55",NULL
569,919,NULL,login,0,,"2020-07-05 15:43:41",NULL
570,919,NULL,login,0,,"2020-07-05 15:47:20",NULL
571,919,NULL,printStudentTags,0,,"2020-07-05 15:50:02",NULL
572,925,NULL,login,0,,"2020-07-05 19:24:24",NULL
573,925,NULL,logout,0,,"2020-07-05 19:27:30",NULL
574,925,NULL,login,0,,"2020-07-05 19:28:47",NULL
575,925,NULL,login,0,,"2020-07-05 19:29:29",NULL
576,925,NULL,login,0,,"2020-07-05 19:29:53",NULL
577,925,NULL,logout,0,,"2020-07-05 19:32:18",NULL
578,925,NULL,login,0,,"2020-07-05 19:32:24",NULL
579,925,NULL,login,0,,"2020-07-05 19:48:01",NULL
580,925,NULL,printStudentTags,0,,"2020-07-05 19:52:05",NULL
581,925,NULL,logout,0,,"2020-07-05 20:11:01",NULL
582,925,NULL,login,0,,"2020-07-05 20:11:59",NULL
583,925,NULL,logout,0,,"2020-07-05 20:12:40",NULL
584,925,NULL,login,0,,"2020-07-05 20:13:56",NULL
585,925,NULL,logout,0,,"2020-07-05 20:18:32",NULL
586,916,NULL,login,0,,"2020-07-05 20:18:40",NULL
587,916,NULL,commonCoreClusterReport,0,1608,"2020-07-05 20:18:47",NULL
588,916,NULL,perStudentReport,0,1608,"2020-07-05 20:18:56",NULL
589,916,NULL,commonCoreClusterReport,0,1608,"2020-07-05 20:25:42",NULL
590,916,NULL,ProblemsInCluster,0,11,"2020-07-05 20:26:34",NULL
591,916,NULL,ProblemsInCluster,0,50,"2020-07-05 20:26:52",NULL
592,916,NULL,perStudentPerProblemSetReport,0,1608,"2020-07-05 20:29:41",NULL
593,916,NULL,MasterProjectionsForCurrentTopic,0,2,"2020-07-05 20:32:44",NULL
594,916,NULL,downLoadPerProblemSetReport,0,1608,"2020-07-05 20:33:34",NULL
595,916,NULL,summarySurveyReport,0,1608,"2020-07-05 20:35:13",NULL
596,926,NULL,login,0,,"2020-07-06 03:32:58",NULL
597,926,NULL,login,0,,"2020-07-06 03:34:31",NULL
598,926,NULL,printStudentTags,0,,"2020-07-06 03:39:13",NULL
599,916,NULL,login,0,,"2020-07-06 13:52:53",NULL
600,916,NULL,perStudentReport,0,1608,"2020-07-06 13:53:07",NULL
601,916,NULL,perStudentReport,0,1608,"2020-07-06 13:56:57",NULL
602,916,NULL,login,0,,"2020-07-06 13:57:34",NULL
603,916,NULL,perStudentPerProblemSetReport,0,1608,"2020-07-06 14:00:01",NULL
604,916,NULL,perStudentPerProblemReport,0,1608,"2020-07-06 14:00:13",NULL
605,916,NULL,perStudentReport,0,1608,"2020-07-06 14:01:44",NULL
606,738,NULL,login,0,,"2020-07-07 00:04:29",NULL
607,738,NULL,login,0,,"2020-07-07 00:05:32",NULL
608,738,NULL,login,0,,"2020-07-07 00:21:05",NULL
609,738,NULL,login,0,,"2020-07-07 00:24:21",NULL
610,738,NULL,login,0,,"2020-07-07 00:26:01",NULL
611,738,NULL,logout,0,,"2020-07-07 00:37:27",NULL
612,916,NULL,login,0,,"2020-07-07 00:37:45",NULL
613,923,NULL,login,0,,"2020-07-07 12:34:15",NULL
614,923,NULL,login,0,,"2020-07-07 12:34:39",NULL
615,39,NULL,login,0,,"2020-07-07 12:41:48",NULL
616,39,NULL,logout,0,,"2020-07-07 12:43:07",NULL
617,916,NULL,login,0,,"2020-07-07 12:43:15",NULL
618,916,NULL,perStudentReport,0,1608,"2020-07-07 12:44:14",NULL
619,916,NULL,perStudentReport,0,1608,"2020-07-07 12:44:22",NULL
620,916,NULL,commonCoreClusterReport,0,1608,"2020-07-07 12:48:16",NULL
621,916,NULL,ProblemsInCluster,0,13,"2020-07-07 12:48:46",NULL
622,916,NULL,ProblemsInCluster,0,19,"2020-07-07 12:58:52",NULL
623,916,NULL,perStudentPerProblemSetReport,0,1608,"2020-07-07 13:06:55",NULL
624,916,NULL,MasterProjectionsForCurrentTopic,0,2,"2020-07-07 13:07:28",NULL
625,916,NULL,commonCoreClusterReport,0,1608,"2020-07-07 13:08:58",NULL
626,916,NULL,ProblemsInCluster,0,19,"2020-07-07 13:09:15",NULL
627,916,NULL,perStudentPerProblemSetReport,0,1608,"2020-07-07 13:09:35",NULL
628,916,NULL,commonCoreClusterReport,0,1608,"2020-07-07 13:21:29",NULL
629,916,NULL,ProblemsInCluster,0,19,"2020-07-07 13:21:47",NULL
630,916,NULL,perStudentPerProblemSetReport,0,1608,"2020-07-07 13:31:07",NULL
631,916,NULL,MasterProjectionsForCurrentTopic,0,2,"2020-07-07 13:31:17",NULL
632,916,NULL,perStudentPerProblemReport,0,1608,"2020-07-07 13:37:10",NULL
633,916,NULL,perStudentPerProblemReport,0,1608,"2020-07-07 13:38:34",NULL
634,916,NULL,summarySurveyReport,0,1608,"2020-07-07 13:39:56",NULL
635,923,NULL,printStudentTags,0,,"2020-07-07 13:42:01",NULL
636,923,NULL,printStudentTags,0,,"2020-07-07 13:43:04",NULL
637,923,NULL,printStudentTags,0,,"2020-07-07 13:45:32",NULL
638,916,NULL,perStudentReport,0,1608,"2020-07-07 15:04:33",NULL
639,916,NULL,commonCoreClusterReport,0,1608,"2020-07-07 15:13:46",NULL
640,916,NULL,ProblemsInCluster,0,13,"2020-07-07 15:14:22",NULL
641,916,NULL,ProblemsInCluster,0,36,"2020-07-07 15:18:25",NULL
642,916,NULL,perStudentPerProblemSetReport,0,1608,"2020-07-07 15:19:50",NULL
643,916,NULL,perStudentPerProblemReport,0,1608,"2020-07-07 15:20:30",NULL
644,916,NULL,perStudentPerProblemReport,0,1608,"2020-07-07 15:20:39",NULL
645,916,NULL,perStudentPerProblemReport,0,1608,"2020-07-07 15:20:45",NULL
646,916,NULL,perStudentPerProblemReport,0,1608,"2020-07-07 15:20:53",NULL
647,916,NULL,perStudentPerProblemReport,0,1608,"2020-07-07 15:22:57",NULL
648,39,NULL,login,0,,"2020-07-07 16:32:32",NULL
649,39,NULL,login,0,,"2020-07-07 18:08:29",NULL
650,927,NULL,login,0,,"2020-07-07 18:11:04",NULL
651,39,NULL,perStudentReport,0,1551,"2020-07-07 18:11:17",NULL
652,39,NULL,perStudentReport,0,1543,"2020-07-07 18:12:19",NULL
653,39,NULL,login,0,,"2020-07-09 19:07:04",NULL
654,840,NULL,login,0,,"2020-07-11 18:48:29",NULL
655,840,NULL,logout,0,,"2020-07-11 18:53:02",NULL
656,789,NULL,login,0,,"2020-07-17 04:13:44",NULL
657,789,NULL,login,0,,"2020-07-17 04:15:29",NULL
658,789,NULL,perStudentReport,0,1643,"2020-07-17 04:29:11",NULL
659,789,NULL,commonCoreClusterReport,0,1643,"2020-07-17 04:29:12",NULL
660,789,NULL,printStudentTags,0,,"2020-07-17 04:33:58",NULL
661,738,NULL,login,0,,"2020-07-17 20:02:53",NULL
662,738,NULL,login,0,,"2020-07-17 20:03:10",NULL
663,39,NULL,login,0,,"2020-07-24 16:33:04",NULL
664,39,NULL,perStudentReport,0,1609,"2020-07-24 16:33:29",NULL
665,39,NULL,commonCoreClusterReport,0,1609,"2020-07-24 16:33:32",NULL
666,39,NULL,ProblemsInCluster,0,13,"2020-07-24 16:33:47",NULL
667,39,NULL,perStudentPerProblemReport,0,1609,"2020-07-24 16:34:13",NULL
668,39,NULL,perStudentPerProblemSetReport,0,1609,"2020-07-24 16:34:30",NULL
669,892,NULL,login,0,,"2020-07-24 17:00:26",NULL
670,892,NULL,login,0,,"2020-07-24 17:02:27",NULL
671,892,NULL,perStudentReport,0,1603,"2020-07-24 17:02:35",NULL
672,892,NULL,logout,0,,"2020-07-24 17:02:41",NULL
673,39,NULL,login,0,,"2020-07-24 17:02:48",NULL
674,39,NULL,perStudentPerProblemReport,0,1609,"2020-07-24 17:03:10",NULL
675,39,NULL,perStudentPerProblemReport,0,1609,"2020-07-24 17:05:10",NULL
676,39,NULL,perStudentPerProblemReport,0,1609,"2020-07-24 17:05:48",NULL
677,39,NULL,perStudentPerProblemReport,0,1609,"2020-07-24 17:05:58",NULL
678,39,NULL,perStudentPerProblemReport,0,1609,"2020-07-24 17:06:19",NULL
679,39,NULL,perStudentPerProblemReport,0,1609,"2020-07-24 17:06:27",NULL
680,39,NULL,perStudentPerProblemSetReport,0,1609,"2020-07-24 17:07:49",NULL
681,916,NULL,login,0,,"2020-07-24 17:10:22",NULL
682,916,NULL,perStudentPerProblemSetReport,0,1608,"2020-07-24 17:10:34",NULL
683,916,NULL,perStudentPerProblemReport,0,1608,"2020-07-24 17:10:45",NULL
684,916,NULL,summarySurveyReport,0,1608,"2020-07-24 17:11:11",NULL
685,916,NULL,perStudentPerProblemSetReport,0,1608,"2020-07-24 17:17:14",NULL
686,916,NULL,CompleteMasteryProjectionForStudent,0,"1608 42559","2020-07-24 17:17:24",NULL
687,916,NULL,CompleteMasteryProjectionForStudent,0,"1608 42559","2020-07-24 17:17:29",NULL
688,916,NULL,CompleteMasteryProjectionForStudent,0,"1608 42559","2020-07-24 17:17:40",NULL
689,916,NULL,MasterProjectionsForCurrentTopic,0,2,"2020-07-24 17:17:43",NULL
690,916,NULL,CompleteMasteryProjectionForStudent,0,"1608 44113","2020-07-24 17:17:56",NULL
691,916,NULL,CompleteMasteryProjectionForStudent,0,"1608 44113","2020-07-24 17:18:00",NULL
692,916,NULL,CompleteMasteryProjectionForStudent,0,"1608 42559","2020-07-24 17:18:03",NULL
693,916,NULL,MasterProjectionsForCurrentTopic,0,2,"2020-07-24 17:18:53",NULL
694,916,NULL,CompleteMasteryProjectionForStudent,0,"1608 42559","2020-07-24 17:19:03",NULL
695,916,NULL,CompleteMasteryProjectionForStudent,0,"1608 44113","2020-07-24 17:19:12",NULL
696,916,NULL,CompleteMasteryProjectionForStudent,0,"1608 44165","2020-07-24 17:19:18",NULL
697,916,NULL,perStudentPerProblemSetReport,0,1608,"2020-07-24 17:20:05",NULL
698,916,NULL,MasterProjectionsForCurrentTopic,0,2,"2020-07-24 17:20:12",NULL
699,916,NULL,perStudentReport,0,1608,"2020-07-24 18:11:48",NULL
700,916,NULL,logout,0,,"2020-07-26 17:31:46",NULL
701,892,NULL,login,0,,"2020-07-28 13:47:47",NULL
702,928,NULL,login,0,,"2020-07-28 14:04:37",NULL
703,928,NULL,logout,0,,"2020-07-28 14:25:01",NULL
704,39,NULL,login,0,,"2020-07-28 14:46:19",NULL
705,39,NULL,logout,0,,"2020-07-28 14:46:28",NULL
706,39,NULL,login,0,,"2020-07-28 14:48:23",NULL
707,39,NULL,logout,0,,"2020-07-28 14:48:27",NULL
708,840,NULL,login,0,,"2020-07-28 14:48:42",NULL
709,840,NULL,logout,0,,"2020-07-28 14:48:53",NULL
710,39,NULL,login,0,,"2020-07-28 14:49:29",NULL
711,39,NULL,logout,0,,"2020-07-28 14:49:32",NULL
712,39,NULL,login,0,,"2020-07-28 15:18:40",NULL
713,39,NULL,logout,0,,"2020-07-28 15:19:34",NULL
714,39,NULL,login,0,,"2020-07-28 15:47:21",NULL
715,39,NULL,login,0,,"2020-07-28 15:48:25",NULL
716,39,NULL,login,0,,"2020-07-28 15:49:27",NULL
717,39,NULL,login,0,,"2020-07-28 16:01:59",NULL
718,39,NULL,login,0,,"2020-07-28 16:03:32",NULL
719,39,NULL,printStudentTags,0,,"2020-07-28 16:30:25",NULL
720,39,NULL,perStudentReport,0,1609,"2020-07-28 18:38:38",NULL
721,39,NULL,logout,0,,"2020-07-28 18:39:34",NULL
722,916,NULL,login,0,,"2020-07-28 18:39:52",NULL
723,916,NULL,perStudentReport,0,1608,"2020-07-28 18:40:00",NULL
724,916,NULL,logout,0,,"2020-07-28 18:40:07",NULL
725,916,NULL,login,0,,"2020-07-28 18:41:27",NULL
726,916,NULL,perStudentReport,0,1608,"2020-07-28 18:41:43",NULL
727,916,NULL,commonCoreClusterReport,0,1608,"2020-07-28 18:49:00",NULL
728,916,NULL,ProblemsInCluster,0,11,"2020-07-28 18:53:06",NULL
729,916,NULL,ProblemsInCluster,0,13,"2020-07-28 18:53:53",NULL
730,916,NULL,ProblemsInCluster,0,13,"2020-07-28 18:53:59",NULL
731,916,NULL,commonCoreClusterReport,0,1608,"2020-07-28 18:54:27",NULL
732,916,NULL,ProblemsInCluster,0,52,"2020-07-28 18:56:45",NULL
733,916,NULL,perStudentPerProblemSetReport,0,1608,"2020-07-28 19:04:04",NULL
734,916,NULL,CompleteMasteryProjectionForStudent,0,"1608 42559","2020-07-28 19:05:49",NULL
735,916,NULL,CompleteMasteryProjectionForStudent,0,"1608 42559","2020-07-28 19:06:44",NULL
736,916,NULL,CompleteMasteryProjectionForStudent,0,"1608 42559","2020-07-28 19:06:55",NULL
737,916,NULL,CompleteMasteryProjectionForStudent,0,"1608 42559","2020-07-28 19:07:07",NULL
738,916,NULL,CompleteMasteryProjectionForStudent,0,"1608 42559","2020-07-28 19:07:45",NULL
739,916,NULL,MasterProjectionsForCurrentTopic,0,2,"2020-07-28 19:09:08",NULL
740,916,NULL,perStudentPerProblemReport,0,1608,"2020-07-28 19:13:38",NULL
741,916,NULL,perStudentPerProblemReport,0,1608,"2020-07-28 19:19:12",NULL
742,916,NULL,summarySurveyReport,0,1608,"2020-07-28 19:22:42",NULL
743,916,NULL,summarySurveyReport,0,1608,"2020-07-28 19:22:46",NULL
744,916,NULL,summarySurveyReport,0,1608,"2020-07-28 19:22:48",NULL
745,840,NULL,login,0,,"2020-07-28 19:33:44",NULL
746,840,NULL,logout,0,,"2020-07-28 19:34:01",NULL
747,39,NULL,login,0,,"2020-07-28 20:47:16",NULL
748,929,NULL,login,0,,"2020-07-29 09:19:04",NULL
749,929,NULL,login,0,,"2020-07-29 10:04:39",NULL
750,929,NULL,login,0,,"2020-07-29 12:14:42",NULL
751,929,NULL,logout,0,,"2020-07-29 12:16:17",NULL
752,929,NULL,login,0,,"2020-07-29 12:18:19",NULL
753,929,NULL,login,0,,"2020-07-29 12:54:16",NULL
754,929,NULL,logout,0,,"2020-07-29 12:55:49",NULL
755,929,NULL,login,0,,"2020-07-29 12:57:23",NULL
756,929,NULL,logout,0,,"2020-07-29 13:04:02",NULL
757,929,NULL,login,0,,"2020-07-30 12:19:54",NULL
758,929,NULL,"View Teachers' Activities",0,929,"2020-07-30 12:20:22",0
759,929,NULL,logout,0,,"2020-07-30 12:20:36",NULL
760,929,NULL,login,0,,"2020-07-30 15:35:34",NULL
761,39,NULL,login,0,,"2020-07-30 19:18:11",NULL
762,933,NULL,login,0,,"2020-08-02 17:01:36",NULL
763,933,NULL,login,0,,"2020-08-02 17:08:45",NULL
764,933,NULL,printStudentTags,0,,"2020-08-02 17:23:20",1651
765,934,NULL,login,0,,"2020-08-03 11:03:11",NULL
766,933,NULL,logout,0,,"2020-08-03 12:19:06",NULL
767,916,NULL,login,0,,"2020-08-03 12:20:21",NULL
768,916,NULL,"Summary of surveys/tests report",0,,"2020-08-03 12:21:58",1608
769,916,NULL,"Class Summary Per Student",0,,"2020-08-03 12:22:09",1608
770,916,NULL,downLoadPerStudentReport,0,,"2020-08-03 12:23:27",1608
771,916,NULL,downloadStudentEmotions,0,,"2020-08-03 12:24:19",1608
772,916,NULL,"Class Summary Per Student",0,,"2020-08-03 12:25:28",1608
773,916,NULL,"Class Summary Per Common Core Cluster",0,,"2020-08-03 12:26:46",1608
774,916,NULL,"Problems In Cluster",0,"Cluster: 13","2020-08-03 12:26:57",1608
775,916,NULL,"Problems In Cluster",0,"Cluster: 19","2020-08-03 12:27:04",1608
776,916,NULL,"Class Summary Per Student Per Topic",0,,"2020-08-03 12:27:46",1608
777,916,NULL,"Class Summary Per Student Per Problem",0,~~Y,"2020-08-03 12:28:03",1608
778,916,NULL,login,0,,"2020-08-03 17:20:58",NULL
779,916,NULL,"Class Summary Per Common Core Cluster",0,,"2020-08-03 17:21:39",1608
780,916,NULL,"Class Summary Per Student Per Topic",0,,"2020-08-03 17:22:49",1608
781,916,NULL,MasterProjectionsForCurrentTopic,0,"Topic: 2","2020-08-03 17:23:16",NULL
782,916,NULL,"Summary of surveys/tests report",0,,"2020-08-03 17:25:20",1608
783,916,NULL,"Class Summary Per Student Per Problem",0,~~Y,"2020-08-03 17:25:28",1608
784,936,NULL,login,0,,"2020-08-03 17:55:04",NULL
785,916,NULL,login,0,,"2020-08-03 18:19:39",NULL
786,916,NULL,"Class Summary Per Student",0,,"2020-08-03 18:19:52",1608
787,916,NULL,"Class Summary Per Student Per Problem",0,~~Y,"2020-08-03 18:21:42",1608
788,39,NULL,login,0,,"2020-08-03 19:12:17",NULL
789,39,NULL,login,0,,"2020-08-03 19:12:17",NULL
790,937,NULL,login,0,,"2020-08-03 19:42:23",NULL
791,938,NULL,login,0,,"2020-08-04 09:37:15",NULL
792,939,NULL,login,0,,"2020-08-04 18:50:04",NULL
793,939,NULL,login,0,,"2020-08-04 18:51:41",NULL
794,939,NULL,login,0,,"2020-08-04 19:09:23",NULL
795,939,NULL,printStudentTags,0,,"2020-08-04 19:10:35",1661
796,939,NULL,printStudentTags,0,,"2020-08-04 19:29:31",1661
797,939,NULL,printStudentTags,0,,"2020-08-04 20:21:17",1661
798,881,NULL,login,0,,"2020-08-04 21:20:40",NULL
799,881,NULL,logout,0,,"2020-08-04 21:25:12",NULL
800,929,NULL,login,0,,"2020-08-05 09:44:38",NULL
801,929,NULL,"View Teachers' Activities",0,938,"2020-08-05 09:46:57",0
802,929,NULL,"View Teachers' Activities",0,738,"2020-08-05 09:47:28",0
803,929,NULL,"View Teachers' Activities",0,923,"2020-08-05 09:48:58",0
804,929,NULL,"View Teachers' Activities",0,922,"2020-08-05 09:49:41",0
805,929,NULL,"View Teachers' Activities",0,39,"2020-08-05 09:50:19",0
806,929,NULL,login,0,,"2020-08-05 09:50:48",NULL
807,929,NULL,logout,0,,"2020-08-05 09:52:13",NULL
808,929,NULL,login,0,,"2020-08-05 10:03:47",NULL
809,916,NULL,login,0,,"2020-08-05 16:30:07",NULL
810,916,NULL,"Class Summary Per Student",0,,"2020-08-05 16:39:38",1608
811,916,NULL,"Class Summary Per Common Core Cluster",0,,"2020-08-05 16:39:53",1608
812,916,NULL,"Class Summary Per Student Per Topic",0,,"2020-08-05 16:40:06",1608
813,916,NULL,"Summary of surveys/tests report",0,,"2020-08-05 16:40:36",1608
814,916,NULL,"Class Summary Per Student",0,,"2020-08-05 16:41:09",1608
815,916,NULL,"Class Summary Per Student",0,,"2020-08-05 16:44:31",1608
816,916,NULL,downLoadPerStudentReport,0,,"2020-08-05 16:45:02",1608
817,916,NULL,"Class Summary Per Common Core Cluster",0,,"2020-08-05 16:45:42",1608
818,940,NULL,login,0,,"2020-08-05 18:15:39",NULL
819,39,NULL,login,0,,"2020-08-05 19:52:42",NULL
820,738,NULL,login,0,,"2020-08-05 19:54:46",NULL
821,39,NULL,login,0,,"2020-08-05 20:37:46",NULL
822,916,NULL,"Problems In Cluster",0,"Cluster: 11","2020-08-05 20:46:32",1608
823,916,NULL,"Problems In Cluster",0,"Cluster: 105","2020-08-05 20:48:10",1608
824,916,NULL,"Problems In Cluster",0,"Cluster: 40","2020-08-05 20:48:49",1608
825,916,NULL,"Class Summary Per Student Per Topic",0,,"2020-08-05 20:53:21",1608
826,916,NULL,MasterProjectionsForCurrentTopic,0,"Topic: 10","2020-08-05 20:54:32",NULL
827,916,NULL,MasterProjectionsForCurrentTopic,0,"Topic: 4","2020-08-05 20:54:53",NULL
828,941,NULL,login,0,,"2020-08-05 23:59:19",NULL
829,941,NULL,login,0,,"2020-08-05 23:59:30",NULL
830,941,NULL,login,0,,"2020-08-06 00:02:29",NULL
831,916,NULL,downLoadPerStudentPerProblemReport,0,~~Y,"2020-08-06 01:12:31",1608
832,916,NULL,"Class Summary Per Student Per Problem",0,~~Y,"2020-08-06 01:12:45",1608
833,916,NULL,logout,0,,"2020-08-06 01:17:42",NULL
834,916,NULL,login,0,,"2020-08-06 01:18:03",NULL
835,916,NULL,"Summary of surveys/tests report",0,,"2020-08-06 01:18:35",1608
836,941,NULL,login,0,,"2020-08-06 10:45:14",NULL
837,941,NULL,logout,0,,"2020-08-06 10:54:51",NULL
838,941,NULL,login,0,,"2020-08-06 10:56:18",NULL
839,941,NULL,login,0,,"2020-08-06 11:20:50",NULL
840,916,NULL,login,0,,"2020-08-06 14:11:13",NULL
841,916,NULL,"Class Summary Per Student",0,,"2020-08-06 14:11:44",1608
842,916,NULL,"Class Summary Per Common Core Cluster",0,,"2020-08-06 14:12:25",1608
843,916,NULL,"Class Summary Per Student Per Topic",0,,"2020-08-06 14:13:00",1608
844,916,NULL,login,0,,"2020-08-06 14:48:22",NULL
845,916,NULL,"Class Summary Per Student",0,,"2020-08-06 14:48:38",1608
846,937,NULL,login,0,,"2020-08-06 18:02:43",NULL
847,937,NULL,printStudentTags,0,,"2020-08-06 18:20:58",1668
848,39,NULL,login,0,,"2020-08-06 19:46:06",NULL
849,39,NULL,logout,0,,"2020-08-06 19:47:36",NULL
850,937,NULL,login,0,,"2020-08-06 19:56:18",NULL
851,937,NULL,logout,0,,"2020-08-06 20:13:45",NULL
852,916,NULL,login,0,,"2020-08-06 20:14:05",NULL
853,916,NULL,"Class Summary Per Common Core Cluster",0,,"2020-08-06 20:25:42",1608
854,916,NULL,"Problems In Cluster",0,"Cluster: 19","2020-08-06 20:25:48",1608
855,916,NULL,"Class Summary Per Student Per Topic",0,,"2020-08-06 20:33:22",1608
856,944,NULL,login,0,,"2020-08-07 00:20:57",NULL
857,944,NULL,login,0,,"2020-08-07 00:35:27",NULL
858,945,NULL,login,0,,"2020-08-07 15:34:57",NULL
859,945,NULL,login,0,,"2020-08-07 16:03:49",NULL
860,945,NULL,login,0,,"2020-08-07 16:03:49",NULL
861,945,NULL,login,0,,"2020-08-07 16:10:03",NULL
862,916,NULL,login,0,,"2020-08-07 16:16:03",NULL
863,916,NULL,"Class Summary Per Student",0,,"2020-08-07 16:16:25",1608
864,916,NULL,"Class Summary Per Common Core Cluster",0,,"2020-08-07 16:17:21",1608
865,945,NULL,login,0,,"2020-08-07 16:17:30",NULL
866,916,NULL,"Problems In Cluster",0,"Cluster: 13","2020-08-07 16:17:31",1608
867,916,NULL,"Summary of surveys/tests report",0,,"2020-08-07 16:17:59",1608
868,916,NULL,login,0,,"2020-08-08 00:40:26",NULL
869,916,NULL,"Class Summary Per Student",0,,"2020-08-08 00:42:15",1608
870,916,NULL,"Class Summary Per Common Core Cluster",0,,"2020-08-08 00:48:26",1608
871,916,NULL,"Problems In Cluster",0,"Cluster: 11","2020-08-08 00:49:13",1608
872,916,NULL,"Problems In Cluster",0,"Cluster: 13","2020-08-08 00:49:22",1608
873,916,NULL,"Problems In Cluster",0,"Cluster: 19","2020-08-08 00:49:49",1608
874,916,NULL,"Class Summary Per Student Per Topic",0,,"2020-08-08 00:51:15",1608
875,916,NULL,"Class Summary Per Common Core Cluster",0,,"2020-08-08 00:51:18",1608
876,916,NULL,"Problems In Cluster",0,"Cluster: 13","2020-08-08 00:51:31",1608
877,916,NULL,"Problems In Cluster",0,"Cluster: 24","2020-08-08 00:51:46",1608
878,916,NULL,"Problems In Cluster",0,"Cluster: 30","2020-08-08 00:51:52",1608
879,916,NULL,"Class Summary Per Student Per Topic",0,,"2020-08-08 00:53:23",1608
880,916,NULL,"Class Summary Per Student Per Topic",0,,"2020-08-08 00:53:43",1608
881,916,NULL,MasterProjectionsForCurrentTopic,0,"Topic: 4","2020-08-08 00:54:56",NULL
882,916,NULL,MasterProjectionsForCurrentTopic,0,"Topic: 10","2020-08-08 00:55:03",NULL
883,916,NULL,MasterProjectionsForCurrentTopic,0,"Topic: 10","2020-08-08 00:55:12",NULL
884,916,NULL,MasterProjectionsForCurrentTopic,0,"Topic: 2","2020-08-08 00:55:16",NULL
885,916,NULL,"Class Summary Per Student Per Topic",0,,"2020-08-08 00:55:59",1608
886,916,NULL,CompleteMasteryProjectionForStudent,0,"1608 42559","2020-08-08 00:56:22",1608
887,916,NULL,CompleteMasteryProjectionForStudent,0,"1608 42559","2020-08-08 00:56:44",1608
888,916,NULL,CompleteMasteryProjectionForStudent,0,"1608 42559","2020-08-08 00:56:56",1608
889,916,NULL,"Class Summary Per Student Per Problem",0,6.EE~~Y,"2020-08-08 00:59:08",1608
890,916,NULL,"Summary of surveys/tests report",0,,"2020-08-08 01:00:31",1608
891,916,NULL,downLoadPerSummSurReport,0,,"2020-08-08 01:00:48",1608
892,916,NULL,logout,0,,"2020-08-08 01:01:32",NULL
893,944,NULL,login,0,,"2020-08-08 01:01:41",NULL
894,738,NULL,login,0,,"2020-08-09 16:34:27",NULL
895,946,NULL,login,0,,"2020-08-09 21:59:17",NULL
896,946,NULL,login,0,,"2020-08-09 22:07:27",NULL
897,946,NULL,login,0,,"2020-08-09 22:28:55",NULL
898,946,NULL,logout,0,,"2020-08-09 22:56:15",NULL
899,916,NULL,login,0,,"2020-08-09 22:56:33",NULL
900,916,NULL,login,0,,"2020-08-09 22:57:12",NULL
901,916,NULL,"Class Summary Per Student",0,,"2020-08-09 22:58:01",1608
902,916,NULL,"Class Summary Per Common Core Cluster",0,,"2020-08-09 23:19:18",1608
903,945,NULL,login,0,,"2020-08-10 00:36:37",NULL
904,945,NULL,logout,0,,"2020-08-10 00:36:51",NULL
905,916,NULL,login,0,,"2020-08-10 00:37:21",NULL
906,916,NULL,"Class Summary Per Student",0,,"2020-08-10 00:42:30",1608
907,916,NULL,downLoadPerStudentReport,0,,"2020-08-10 00:51:44",1608
908,916,NULL,"Class Summary Per Common Core Cluster",0,,"2020-08-10 00:54:01",1608
909,916,NULL,"Problems In Cluster",0,"Cluster: 42","2020-08-10 00:56:22",1608
910,916,NULL,"Class Summary Per Student Per Problem",0,~~Y,"2020-08-10 01:03:06",1608
911,916,NULL,"Class Summary Per Student Per Problem",0,6.g~10~Y,"2020-08-10 01:10:10",1608
912,916,NULL,"Class Summary Per Student Per Problem",0,~10~Y,"2020-08-10 01:10:17",1608
913,916,NULL,"Class Summary Per Student Per Problem",0,~10~Y,"2020-08-10 01:10:17",1608
914,916,NULL,"Class Summary Per Student Per Problem",0,~10~N,"2020-08-10 01:10:26",1608
915,916,NULL,"Summary of surveys/tests report",0,,"2020-08-10 01:10:51",1608
916,916,NULL,"Class Summary Per Student Per Problem",0,~40~N,"2020-08-10 01:11:05",1608
917,916,NULL,"Class Summary Per Student Per Topic",0,,"2020-08-10 01:14:16",1608
918,916,NULL,"Summary of surveys/tests report",0,,"2020-08-10 01:19:00",1608
919,916,NULL,"Class Summary Per Common Core Cluster",0,,"2020-08-10 01:24:12",1608
920,916,NULL,"Problems In Cluster",0,"Cluster: 13","2020-08-10 01:47:09",1608
921,916,NULL,"Problems In Cluster",0,"Cluster: 19","2020-08-10 01:47:46",1608
922,916,NULL,"Problems In Cluster",0,"Cluster: 24","2020-08-10 01:49:28",1608
923,916,NULL,"Class Summary Per Student Per Topic",0,,"2020-08-10 01:49:47",1608
924,916,NULL,"Summary of surveys/tests report",0,,"2020-08-10 01:50:13",1608
925,916,NULL,"Class Summary Per Student Per Topic",0,,"2020-08-10 01:54:16",1608
926,916,NULL,downLoadPerProblemSetReport,0,,"2020-08-10 01:57:23",1608
927,916,NULL,"Class Summary Per Student Per Topic",0,,"2020-08-10 01:58:36",1608
928,916,NULL,"Class Summary Per Student Per Topic",0,,"2020-08-10 02:12:15",1608
929,916,NULL,"Class Summary Per Student Per Problem",0,~~Y,"2020-08-10 02:49:19",1608
930,916,NULL,"Summary of surveys/tests report",0,,"2020-08-10 02:52:42",1608
931,916,NULL,logout,0,,"2020-08-10 03:20:12",NULL
932,948,NULL,login,0,,"2020-08-10 13:49:56",NULL
933,948,NULL,logout,0,,"2020-08-10 14:08:34",NULL
934,948,NULL,login,0,,"2020-08-10 14:08:42",NULL
935,948,NULL,login,0,,"2020-08-10 14:15:12",NULL
936,39,NULL,login,0,,"2020-08-10 21:32:09",NULL
937,39,NULL,printStudentTags,0,,"2020-08-10 21:33:30",1657
938,39,NULL,login,0,,"2020-08-10 21:41:43",NULL
939,39,NULL,logout,0,,"2020-08-10 21:42:09",NULL
940,916,NULL,login,0,,"2020-08-10 21:42:42",NULL
941,916,NULL,"Class Summary Per Student Per Topic",0,,"2020-08-10 21:47:59",1608
942,916,NULL,"Class Summary Per Common Core Cluster",0,,"2020-08-10 21:48:14",1608
943,916,NULL,"Class Summary Per Student",0,,"2020-08-10 21:48:17",1608
944,916,NULL,"Class Summary Per Student Per Topic",0,,"2020-08-10 21:48:24",1608
945,916,NULL,"Class Summary Per Common Core Cluster",0,,"2020-08-10 21:48:30",1608
946,916,NULL,"Class Summary Per Student",0,,"2020-08-10 21:48:33",1608
947,916,NULL,"Class Summary Per Student Per Topic",0,,"2020-08-10 21:48:49",1608
948,916,NULL,"Class Summary Per Student Per Topic",0,,"2020-08-10 21:49:14",1608
949,916,NULL,"Class Summary Per Common Core Cluster",0,,"2020-08-10 21:55:31",1608
950,916,NULL,"Class Summary Per Student Per Topic",0,,"2020-08-10 21:55:46",1608
951,916,NULL,"Class Summary Per Common Core Cluster",0,,"2020-08-10 21:55:57",1608
952,916,NULL,"Problems In Cluster",0,"Cluster: 37","2020-08-10 21:56:24",1608
953,916,NULL,"Problems In Cluster",0,"Cluster: 37","2020-08-10 21:56:29",1608
954,916,NULL,"Problems In Cluster",0,"Cluster: 37","2020-08-10 21:56:39",1608
955,916,NULL,"Problems In Cluster",0,"Cluster: 37","2020-08-10 21:56:42",1608
956,916,NULL,"Problems In Cluster",0,"Cluster: 38","2020-08-10 21:56:45",1608
957,916,NULL,"Problems In Cluster",0,"Cluster: 38","2020-08-10 21:56:47",1608
958,916,NULL,"Problems In Cluster",0,"Cluster: 41","2020-08-10 21:56:57",1608
959,916,NULL,"Problems In Cluster",0,"Cluster: 37","2020-08-10 21:57:06",1608
960,916,NULL,"Problems In Cluster",0,"Cluster: 37","2020-08-10 21:57:50",1608
961,916,NULL,"Problems In Cluster",0,"Cluster: 37","2020-08-10 21:57:51",1608
962,916,NULL,"Problems In Cluster",0,"Cluster: 38","2020-08-10 21:58:25",1608
963,916,NULL,"Class Summary Per Student Per Problem",0,6.G~~Y,"2020-08-10 21:58:49",1608
964,916,NULL,"Class Summary Per Student Per Problem",0,6.G~~N,"2020-08-10 21:59:01",1608
965,916,NULL,"Class Summary Per Common Core Cluster",0,,"2020-08-10 22:00:57",1608
966,916,NULL,"Problems In Cluster",0,"Cluster: 23","2020-08-10 22:01:50",1608
967,916,NULL,"Problems In Cluster",0,"Cluster: 19","2020-08-10 22:02:27",1608
968,916,NULL,"Problems In Cluster",0,"Cluster: 19","2020-08-10 22:04:07",1608
969,916,NULL,"Problems In Cluster",0,"Cluster: 102","2020-08-10 22:04:50",1608
970,916,NULL,"Problems In Cluster",0,"Cluster: 33","2020-08-10 22:05:06",1608
971,916,NULL,"Problems In Cluster",0,"Cluster: 36","2020-08-10 22:05:11",1608
972,916,NULL,"Problems In Cluster",0,"Cluster: 38","2020-08-10 22:06:15",1608
973,916,NULL,"Class Summary Per Student Per Topic",0,,"2020-08-10 22:09:02",1608
974,916,NULL,"Class Summary Per Student Per Problem",0,6.G~~Y,"2020-08-10 22:09:13",1608
975,916,NULL,"Class Summary Per Common Core Cluster",0,,"2020-08-10 22:11:17",1608
976,916,NULL,"Problems In Cluster",0,"Cluster: 38","2020-08-10 22:11:22",1608
977,916,NULL,"Class Summary Per Student Per Problem",0,6.G.1~~Y,"2020-08-10 22:12:03",1608
978,916,NULL,"Class Summary Per Student Per Problem",0,6.G.2~~Y,"2020-08-10 22:12:34",1608
979,916,NULL,"Class Summary Per Student Per Problem",0,6.G.3~~Y,"2020-08-10 22:12:50",1608
980,916,NULL,"Class Summary Per Student Per Problem",0,6.G.1~~Y,"2020-08-10 22:13:19",1608
981,916,NULL,"Class Summary Per Student Per Problem",0,6.G.1~~N,"2020-08-10 22:14:30",1608
982,39,NULL,login,0,,"2020-08-11 12:57:35",NULL
983,39,NULL,"Class Summary Per Student Per Topic",0,,"2020-08-11 12:57:43",1657
984,39,NULL,"Class Summary Per Student Per Topic",0,,"2020-08-11 12:58:06",1609
985,39,NULL,logout,0,,"2020-08-11 12:58:15",NULL
986,916,NULL,login,0,,"2020-08-11 12:58:21",NULL
987,916,NULL,"Class Summary Per Student Per Topic",0,,"2020-08-11 12:58:26",1608
988,783,NULL,login,0,,"2020-08-11 12:58:45",NULL
989,783,NULL,"Class Summary Per Student Per Topic",0,,"2020-08-11 12:58:53",1592
990,783,NULL,"Class Summary Per Student Per Topic",0,,"2020-08-11 13:00:13",1592
991,783,NULL,"Class Summary Per Student Per Topic",0,,"2020-08-11 13:00:30",1587
992,783,NULL,"Class Summary Per Student Per Topic",0,,"2020-08-11 13:00:53",1592
993,783,NULL,MasterProjectionsForCurrentTopic,0,"Topic: 54","2020-08-11 13:01:02",NULL
994,783,NULL,"Class Summary Per Student",0,,"2020-08-11 13:01:21",1592
995,39,NULL,login,0,,"2020-08-11 14:14:36",NULL
996,949,NULL,login,0,,"2020-08-11 14:16:14",NULL
997,39,NULL,logout,0,,"2020-08-11 14:16:56",NULL
998,916,NULL,login,0,,"2020-08-11 14:17:02",NULL
999,916,NULL,"Class Summary Per Common Core Cluster",0,,"2020-08-11 14:17:46",1608
1000,916,NULL,logout,0,,"2020-08-11 14:18:11",NULL
